aggregator,lpra_version,attack,n_att,k,seed,rounds,strength,direction,final_f1,mean_last3_f1,rounds_all_attackers_rejected,attacker_rejections,honest_rejections,time_s
fedavg,v2,none,0,5,42,10,,,0.9710689124915066,0.9710804885460628,0,0,0,1.8733729020000283
median,v2,none,0,5,42,10,,,0.9459531517806132,0.9417258701038196,0,0,0,1.8373854569999821
trimmed_mean,v2,none,0,5,42,10,,,0.9395669668518873,0.9395189630217229,0,0,0,1.7592911749998166
krum,v2,none,0,5,42,10,,,0.9392256730364187,0.9392001429683811,0,0,40,1.76677277600038
multi_krum,v2,none,0,5,42,10,,,0.9395715982680002,0.9395038680013462,0,0,10,1.7995312670000203
lpra,v2,none,0,5,42,10,,,0.9710689124915066,0.9710804885460628,0,0,0,1.8648108729998967
fedavg,v2,scale,1,5,42,10,,,0.908443177769861,0.9130769269755746,0,0,0,2.009399463000136
median,v2,scale,1,5,42,10,,,0.9397701149425287,0.9396919410049169,0,0,0,2.6232913119997647
trimmed_mean,v2,scale,1,5,42,10,,,0.9473123597215354,0.94657993152,0,0,0,2.6534642439996787
krum,v2,scale,1,5,42,10,,,0.9395263278914693,0.9395127805330192,10,10,30,2.500664239999878
multi_krum,v2,scale,1,5,42,10,,,0.9711383713028862,0.9711029516869848,10,10,0,2.8409011859998827
lpra,v2,scale,1,5,42,10,,,0.9712425781529437,0.9711724187302305,10,10,0,2.8226545889997396
fedavg,v2,scale,2,5,42,10,,,0.9121781709050703,0.9307008025441889,0,0,0,2.889804124999955
median,v2,scale,2,5,42,10,,,0.9463061690784463,0.9419155572694513,0,0,0,2.763446122000005
trimmed_mean,v2,scale,2,5,42,10,,,0.9463061690784463,0.9419155572694513,0,0,0,2.6279063609999866
krum,v2,scale,2,5,42,10,,,0.9395623347257885,0.9395352388519808,10,20,20,2.4982398440001816
multi_krum,v2,scale,2,5,42,10,,,0.9392870831736297,0.9392599771499963,10,20,0,2.432207689000279
lpra,v2,scale,2,5,42,10,,,0.9393230863582352,0.939295980215619,10,20,0,2.5613461279999683
fedavg,v2,flip,1,5,42,10,,,0.9700932575838782,0.9701286326737545,0,0,0,2.5296439290000308
median,v2,flip,1,5,42,10,,,0.9464306110793832,0.9476596284011484,0,0,0,2.646376720000262
trimmed_mean,v2,flip,1,5,42,10,,,0.9522547423422059,0.9516856340469292,0,0,0,2.4496076989998983
krum,v2,flip,1,5,42,10,,,0.9395263278914693,0.9395127805330192,10,10,30,2.643815481999809
multi_krum,v2,flip,1,5,42,10,,,0.9711383713028862,0.9711029516869848,10,10,0,2.440497395999955
lpra,v2,flip,1,5,42,10,,,0.9712425781529437,0.9711724187302305,10,10,0,2.504411482999785
fedavg,v2,flip,2,5,42,10,,,0.9064668125997106,0.9063010877249179,0,0,0,3.0950646500000403
median,v2,flip,2,5,42,10,,,0.9393184344692759,0.9393110829813663,0,0,0,3.7597783870000967
trimmed_mean,v2,flip,2,5,42,10,,,0.9393184344692759,0.9393110829813663,0,0,0,3.801462012999764
krum,v2,flip,2,5,42,10,,,0.9395623347257885,0.9395352388519808,10,20,20,3.983653115999914
multi_krum,v2,flip,2,5,42,10,,,0.9392870831736297,0.9392599771499963,10,20,0,3.9941611759995794
lpra,v2,flip,2,5,42,10,,,0.9393230863582352,0.9389978012789305,9,18,0,4.147659779999685
fedavg,v2,noise,1,5,42,10,,,0.5948588422210453,0.6992358797337824,0,0,0,4.232428899000297
median,v2,noise,1,5,42,10,,,0.9533282904689864,0.9498490657748748,0,0,0,3.701762651000081
trimmed_mean,v2,noise,1,5,42,10,,,0.9711751662971175,0.9711383704255615,0,0,0,3.8241320090000954
krum,v2,noise,1,5,42,10,,,0.9395263278914693,0.9395127805330192,10,10,30,4.007050625000375
multi_krum,v2,noise,1,5,42,10,,,0.9711383713028862,0.9711029516869848,10,10,0,3.9997570820000874
lpra,v2,noise,1,5,42,10,,,0.9712425781529437,0.9711724187302305,10,10,0,4.224446391000129
fedavg,v2,noise,2,5,42,10,,,0.7870787637088734,0.6483863779586422,0,0,0,4.005958835999991
median,v2,noise,2,5,42,10,,,0.9392870831736297,0.9392344246351186,0,0,0,4.064972570000009
trimmed_mean,v2,noise,2,5,42,10,,,0.9392870831736297,0.9392344246351186,0,0,0,4.2617965710001044
krum,v2,noise,2,5,42,10,,,0.9395623347257885,0.9395352388519808,10,20,20,3.928170057999978
multi_krum,v2,noise,2,5,42,10,,,0.9392870831736297,0.9392599771499963,10,20,0,3.838146915999914
lpra,v2,noise,2,5,42,10,,,0.9393230863582352,0.939295980215619,10,20,0,4.257308099000056
fedavg,v2,stealth,1,5,42,10,,,0.9711751662971175,0.9711267935676323,0,0,0,4.146927883999979
median,v2,stealth,1,5,42,10,,,0.9456679113007697,0.9463928859942011,0,0,0,3.5674505089996273
trimmed_mean,v2,stealth,1,5,42,10,,,0.9436692126909518,0.953204741999412,0,0,0,3.7129746649998197
krum,v2,stealth,1,5,42,10,,,0.9392349810468278,0.9392589579434018,7,7,33,3.901443689000189
multi_krum,v2,stealth,1,5,42,10,,,0.9393637408968953,0.9393397386549754,0,0,10,4.44976620899979
lpra,v2,stealth,1,5,42,10,,,0.9711751662971175,0.9711267935676323,0,0,0,4.138501789000202
fedavg,v2,stealth,2,5,42,10,,,0.9393230863582352,0.9392568731304505,0,0,0,3.7388569250001638
median,v2,stealth,2,5,42,10,,,0.9392464256966537,0.9392208721427933,0,0,0,3.4664061560001755
trimmed_mean,v2,stealth,2,5,42,10,,,0.9392464256966537,0.9392208721427933,0,0,0,3.7479132729999947
krum,v2,stealth,2,5,42,10,,,0.9392464256966537,0.9392464256966537,0,10,30,3.324281314000018
multi_krum,v2,stealth,2,5,42,10,,,0.939138433236241,0.939138433236241,0,0,20,3.83817569599978
lpra,v2,stealth,2,5,42,10,,,0.9393230863582352,0.9392568731304505,0,0,0,3.876024564999625
fedavg,v2,none,0,5,43,10,,,0.970519921386457,0.9705090640307451,0,0,0,2.8532341640002414
median,v2,none,0,5,43,10,,,0.9388927176659775,0.9388385436075543,0,0,0,2.561029759000121
trimmed_mean,v2,none,0,5,43,10,,,0.9388927176659775,0.9388010343474558,0,0,0,2.520555472000069
krum,v2,none,0,5,43,10,,,0.9383849980864907,0.9383490882070955,0,0,40,2.538567252000121
multi_krum,v2,none,0,5,43,10,,,0.93878488572413,0.9387171654182497,0,0,10,2.4595618399998784
lpra,v2,none,0,5,43,10,,,0.970519921386457,0.9705090640307451,0,0,0,2.6275950560002457
fedavg,v2,scale,1,5,43,10,,,0.9707310108509423,0.956019700237421,0,0,0,2.5904777350001496
median,v2,scale,1,5,43,10,,,0.9477920795838554,0.9477920795838554,0,0,0,2.5196531620003952
trimmed_mean,v2,scale,1,5,43,10,,,0.9431234404814326,0.9455478662892305,0,0,0,2.4555269369998314
krum,v2,scale,1,5,43,10,,,0.9386693193557026,0.9386724477937017,10,10,30,2.46629861800011
multi_krum,v2,scale,1,5,43,10,,,0.9703401943967982,0.9703286365361062,10,10,0,2.4790816970003107
lpra,v2,scale,1,5,43,10,,,0.9703748704570632,0.9703633117703081,10,10,0,2.553122094000173
fedavg,v2,scale,2,5,43,10,,,0.8932518906340896,0.9283660889866141,0,0,0,2.5129322530001446
median,v2,scale,2,5,43,10,,,0.9499810534293293,0.9484803782190668,0,0,0,2.5461206519998996
trimmed_mean,v2,scale,2,5,43,10,,,0.9499810534293293,0.9484803782190668,0,0,0,2.4174236059998293
krum,v2,scale,2,5,43,10,,,0.9384644840130193,0.9384389558399949,10,20,20,2.4531907629998386
multi_krum,v2,scale,2,5,43,10,,,0.9385504804931276,0.9385082681544216,10,20,0,2.3992917680002392
lpra,v2,scale,2,5,43,10,,,0.9383472466876005,0.9383050143914896,10,20,0,2.470121451000068
fedavg,v2,flip,1,5,43,10,,,0.9697576320869379,0.9517726486274779,0,0,0,2.524000342999898
median,v2,flip,1,5,43,10,,,0.9475722258076762,0.9416471461700846,0,0,0,2.421115830999952
trimmed_mean,v2,flip,1,5,43,10,,,0.9700196533857424,0.9700326344376199,0,0,0,2.382567936000214
krum,v2,flip,1,5,43,10,,,0.9386693193557026,0.9386724477937017,10,10,30,2.508405519000007
multi_krum,v2,flip,1,5,43,10,,,0.9703401943967982,0.9703286365361062,10,10,0,2.685264073000326
lpra,v2,flip,1,5,43,10,,,0.9703748704570632,0.9703633117703081,10,10,0,2.547313631000179
fedavg,v2,flip,2,5,43,10,,,0.9266486694947936,0.927661020711141,0,0,0,2.592111702999773
median,v2,flip,2,5,43,10,,,0.9388769889840881,0.9389040453346075,0,0,0,2.522650605000308
trimmed_mean,v2,flip,2,5,43,10,,,0.9388769889840881,0.9389040453346075,0,0,0,2.5959055670000453
krum,v2,flip,2,5,43,10,,,0.15094535094535094,0.15097727633381489,0,10,30,2.5660831410000355
multi_krum,v2,flip,2,5,43,10,,,0.9385911179173048,0.9384962879247972,8,17,3,2.446159482999974
lpra,v2,flip,2,5,43,10,,,0.9383472466876005,0.9383050143914896,10,20,0,2.493749676000334
fedavg,v2,noise,1,5,43,10,,,0.8838644750083865,0.8847082459062889,0,0,0,2.60446815000023
median,v2,noise,1,5,43,10,,,0.9701604545616982,0.9618512688278882,0,0,0,2.7229426670000976
trimmed_mean,v2,noise,1,5,43,10,,,0.9702319265268199,0.9701821439019301,0,0,0,2.533044701000108
krum,v2,noise,1,5,43,10,,,0.9386693193557026,0.9386724477937017,10,10,30,2.499001442000008
multi_krum,v2,noise,1,5,43,10,,,0.9703401943967982,0.9703286365361062,10,10,0,2.595060298000135
lpra,v2,noise,1,5,43,10,,,0.9703748704570632,0.9703633117703081,10,10,0,2.605785866000133
fedavg,v2,noise,2,5,43,10,,,0.6555088236569396,0.7032683231125046,0,0,0,2.509230561000095
median,v2,noise,2,5,43,10,,,0.9383831807911768,0.9383816056335954,0,0,0,2.4455101610001293
trimmed_mean,v2,noise,2,5,43,10,,,0.9383831807911768,0.9383816056335954,0,0,0,2.504140301999996
krum,v2,noise,2,5,43,10,,,0.9384644840130193,0.9384389558399949,10,20,20,2.627991960000145
multi_krum,v2,noise,2,5,43,10,,,0.9385504804931276,0.9385082681544216,10,20,0,3.307924916999582
lpra,v2,noise,2,5,43,10,,,0.9383472466876005,0.9383050143914896,10,20,0,2.648893624000266
fedavg,v2,stealth,1,5,43,10,,,0.9703380744764492,0.9702897163527654,0,0,0,2.51977647800004
median,v2,stealth,1,5,43,10,,,0.938567598621218,0.936782297442956,0,0,0,2.4315019310001844
trimmed_mean,v2,stealth,1,5,43,10,,,0.970154055116703,0.9660324504299385,0,0,0,2.4968578959997103
krum,v2,stealth,1,5,43,10,,,0.938334928229665,0.9384974259149891,7,7,33,2.4980989179998687
multi_krum,v2,stealth,1,5,43,10,,,0.9383065905870639,0.9383336946540882,0,0,10,2.4182148610002514
lpra,v2,stealth,1,5,43,10,,,0.9703380744764492,0.9702897163527654,0,0,0,2.5088002539996523
fedavg,v2,stealth,2,5,43,10,,,0.9382252690436981,0.9382388231533151,0,0,0,2.4686306639996474
median,v2,stealth,2,5,43,10,,,0.9383784611849412,0.9383513506478965,0,0,0,2.3818266560001575
trimmed_mean,v2,stealth,2,5,43,10,,,0.9383784611849412,0.9383513506478965,0,0,0,2.4077352860003884
krum,v2,stealth,2,5,43,10,,,0.9383784611849412,0.938349778303141,0,10,30,2.3854151290001937
multi_krum,v2,stealth,2,5,43,10,,,0.9386223532564996,0.9386494451126076,0,0,20,2.4289132409999183
lpra,v2,stealth,2,5,43,10,,,0.9382252690436981,0.9382388231533151,0,0,0,1.8601188020002155
fedavg,v2,none,0,5,44,10,,,0.970454789039334,0.9705283428689516,0,0,0,1.8564996239997527
median,v2,none,0,5,44,10,,,0.9387801983230598,0.9386989275811252,0,0,0,1.694143897000231
trimmed_mean,v2,none,0,5,44,10,,,0.9386582937662735,0.938617651652495,0,0,0,1.7101543260000653
krum,v2,none,0,5,44,10,,,0.9381147384132573,0.9381027711376047,0,0,40,1.7531536520000373
multi_krum,v2,none,0,5,44,10,,,0.9385363611994026,0.9385650273536096,0,0,10,1.813079949999974
lpra,v2,none,0,5,44,10,,,0.970454789039334,0.9705283428689516,0,0,0,1.941607390000172
fedavg,v2,scale,1,5,44,10,,,0.9715870701610896,0.9547016688646169,0,0,0,1.882646306999959
median,v2,scale,1,5,44,10,,,0.9388208269525268,0.9388510311791762,0,0,0,1.7104848500002845
trimmed_mean,v2,scale,1,5,44,10,,,0.9389380192182535,0.9388885350537123,0,0,0,1.7737613720000809
krum,v2,scale,1,5,44,10,,,0.9384615384615385,0.938434453907683,10,10,30,1.7286572880002495
multi_krum,v2,scale,1,5,44,10,,,0.9708224706260491,0.9707979628984305,10,10,0,1.733795058999931
lpra,v2,scale,1,5,44,10,,,0.9708571428571429,0.9708469739034259,10,10,0,1.8276228039999296
fedavg,v2,scale,2,5,44,10,,,0.9729114824031283,0.9673697300269133,0,0,0,1.8333087080000041
median,v2,scale,2,5,44,10,,,0.9388567709330372,0.9387515447978728,0,0,0,1.8467596149998826
trimmed_mean,v2,scale,2,5,44,10,,,0.9388567709330372,0.9387515447978728,0,0,0,1.7249944750001305
krum,v2,scale,2,5,44,10,,,0.9410775697363393,0.9410655834720297,10,20,20,1.8618888420000985
multi_krum,v2,scale,2,5,44,10,,,0.9387442572741195,0.9387307134204405,10,20,0,1.6774808650002342
lpra,v2,scale,2,5,44,10,,,0.9388614524711918,0.9388223874055011,10,20,0,1.7824310810001407
fedavg,v2,flip,1,5,44,10,,,0.9208821657243419,0.9366747726752243,0,0,0,1.8119479609999871
median,v2,flip,1,5,44,10,,,0.9391051402763425,0.9390525516113203,0,0,0,1.6944494569997914
trimmed_mean,v2,flip,1,5,44,10,,,0.9458873635775944,0.9413538962865132,0,0,0,1.7551037899997937
krum,v2,flip,1,5,44,10,,,0.9384615384615385,0.938434453907683,10,10,30,1.659445599999799
multi_krum,v2,flip,1,5,44,10,,,0.9708224706260491,0.9707979628984305,10,10,0,1.685483044999728
lpra,v2,flip,1,5,44,10,,,0.9708571428571429,0.9708469739034259,10,10,0,1.8507525479999458
fedavg,v2,flip,2,5,44,10,,,0.9280420012353304,0.9271664838469333,0,0,0,1.7788458200002424
median,v2,flip,2,5,44,10,,,0.9385786996287934,0.9385786996287934,0,0,0,1.705854756000008
trimmed_mean,v2,flip,2,5,44,10,,,0.9385786996287934,0.9385786996287934,0,0,0,1.7301137220001692
krum,v2,flip,2,5,44,10,,,0.9410775697363393,0.9410655834720297,10,20,20,1.739976385999853
multi_krum,v2,flip,2,5,44,10,,,0.9387442572741195,0.9387307134204405,10,20,0,1.7544101890002821
lpra,v2,flip,2,5,44,10,,,0.9388614524711918,0.9388223874055011,10,20,0,1.8648295240000152
fedavg,v2,noise,1,5,44,10,,,0.8625445897740784,0.8838503646869368,0,0,0,1.8159756790000756
median,v2,noise,1,5,44,10,,,0.938902074879412,0.9388900943504416,0,0,0,1.8247479999999996
trimmed_mean,v2,noise,1,5,44,10,,,0.9707101014430632,0.9706747312064877,0,0,0,1.742191386000286
krum,v2,noise,1,5,44,10,,,0.9384615384615385,0.938434453907683,10,10,30,1.7286972010001591
multi_krum,v2,noise,1,5,44,10,,,0.9708224706260491,0.9707979628984305,10,10,0,1.7499330210002881
lpra,v2,noise,1,5,44,10,,,0.9708571428571429,0.9708469739034259,10,10,0,1.8108376620002673
fedavg,v2,noise,2,5,44,10,,,0.5729363735935478,0.7807757864104644,0,0,0,1.8349668589999055
median,v2,noise,2,5,44,10,,,0.9387395665824335,0.9387291498565452,0,0,0,1.7893036519999441
trimmed_mean,v2,noise,2,5,44,10,,,0.9387395665824335,0.9387291498565452,0,0,0,1.7139015450002262
krum,v2,noise,2,5,44,10,,,0.9410775697363393,0.9410655834720297,10,20,20,1.796753654999975
multi_krum,v2,noise,2,5,44,10,,,0.9387442572741195,0.9387307134204405,10,20,0,1.6650272779997977
lpra,v2,noise,2,5,44,10,,,0.9388614524711918,0.9388223874055011,10,20,0,1.7971752190001098
fedavg,v2,stealth,1,5,44,10,,,0.9708592243411185,0.9708347218644056,0,0,0,1.9013270499999635
median,v2,stealth,1,5,44,10,,,0.938902074879412,0.9389036340567999,0,0,0,1.6758616709998932
trimmed_mean,v2,stealth,1,5,44,10,,,0.9389473684210526,0.9389202910814013,0,0,0,1.7119267610000861
krum,v2,stealth,1,5,44,10,,,0.9380985214127021,0.9385050531222796,10,10,30,1.696290278000106
multi_krum,v2,stealth,1,5,44,10,,,0.9386989317302906,0.938661425342484,0,0,10,1.784679757000049
lpra,v2,stealth,1,5,44,10,,,0.9708592243411185,0.9708347218644056,0,0,0,2.0282278489999044
fedavg,v2,stealth,2,5,44,10,,,0.9388614524711918,0.9387395593225852,0,0,0,1.9473695380002027
median,v2,stealth,2,5,44,10,,,0.9386989317302906,0.9387666523352923,0,0,0,1.7667138069996327
trimmed_mean,v2,stealth,2,5,44,10,,,0.9386989317302906,0.9387666523352923,0,0,0,1.7800068619999365
krum,v2,stealth,2,5,44,10,,,0.9386582937662735,0.9386989286185358,0,10,30,1.7390044290000333
multi_krum,v2,stealth,2,5,44,10,,,0.9384096828558296,0.938588969450798,0,0,20,1.728284973999962
lpra,v2,stealth,2,5,44,10,,,0.9388614524711918,0.9387395593225852,0,0,0,1.8654593480000585
